<manifest version="1.0" type="device">
    <hal format="hidl">
        <name>android.hardware.biometrics.fingerprint</name>
        <transport>hwbinder</transport>
        <version>2.1</version>
        <interface>
            <name>IBiometricsFingerprint</name>
            <instance>default</instance>
        </interface>
    </hal>
    <hal format="hidl">
        <name>vendor.silead.hardware.fingerprintext</name>
        <transport>hwbinder</transport>
        <version>1.0</version>
        <interface>
            <name>ISileadFingerprint</name>
            <instance>default</instance>
        </interface>
        <fqname>@1.0::ISileadFingerprint/default</fqname>
    </hal>
</manifest>
