{
  "config":
  {
    "hw_platform": ["IDP", "IOT"],
    "soc_id": ["441", "471", "473", "474"]
  },
  "bmp285_0":{
    "owner": "sns_bmp285",
    ".temp":{
      "owner": "sns_bmp285",
      ".config":{
        "owner": "sns_bmp285",
        "is_dri":{ "type": "int", "ver": "0",
          "data": "0"
        },
        "hw_id":{ "type": "int", "ver": "0",
          "data": "0"
        },
        "res_idx":{ "type": "int", "ver": "0",
          "data": "2"
        },
        "sync_stream":{ "type": "int", "ver": "0",
          "data": "0"
        }
      }
    },
    ".pressure":{
      "owner": "sns_bmp285",
      ".config":{
        "owner": "sns_bmp285",
        "is_dri":{ "type": "int", "ver": "0",
          "data": "0"
        },
        "hw_id":{ "type": "int", "ver": "0",
          "data": "0"
        },
        "res_idx":{ "type": "int", "ver": "0",
          "data": "2"
        },
        "sync_stream":{ "type": "int", "ver": "0",
          "data": "0"
        }
      }
    }
  },

  "bmp285_0_platform":{
    "owner": "sns_bmp285",
    ".config":{
      "owner": "sns_bmp285",
      "bus_type":{ "type": "int", "ver": "0",
        "data": "0"
      },
      "bus_instance":{ "type": "int", "ver": "0",
        "data": "1"
      },
      "slave_config":{ "type": "int", "ver": "0",
        "data": "118"
      },
      "min_bus_speed_khz":{ "type": "int", "ver": "0",
        "data": "400"
      },
      "max_bus_speed_khz":{ "type": "int", "ver": "0",
        "data": "400"
      },
      "reg_addr_type":{ "type": "int", "ver": "0",
        "data": "0"
      },
      "num_rail":{ "type": "int", "ver": "0",
        "data": "1"
      },
      "rail_on_state":{ "type": "int", "ver": "0",
        "data": "1"
      },
      "vddio_rail":{ "type": "str", "ver": "0",
        "data": "/pmic/client/sensor_vddio"
      },
      "rigid_body_type":{ "type": "int", "ver": "0",
      "data": "0"
      }
    },
    ".temp":{
      "owner": "sns_bmp285",
      ".fac_cal":
      {
        "owner": "sns_bmp285",
        ".scale":{
          "owner": "sns_bmp285",
          "x":{ "type": "flt", "ver": "0",
            "data": "1.0"
          }
        },
        ".bias":{
          "owner": "sns_bmp285",
          "x":{ "type": "flt", "ver": "0",
            "data": "0.0"
          }
        }
      }
    },
    ".pressure":{
      "owner": "sns_bmp285",
      ".fac_cal":
      {
        "owner": "sns_bmp285",
        ".scale":{
          "owner": "sns_bmp285",
          "x":{ "type": "flt", "ver": "0",
            "data": "1.0"
          }
        },
        ".bias":{
          "owner": "sns_bmp285",
          "x":{ "type": "flt", "ver": "0",
            "data": "0.0"
          }
        }
      }
    },
    ".placement":{
      "owner": "sns_bmp285",
      "0":{ "type": "flt", "ver": "0",
        "data": "0.0"
      },
      "1":{ "type": "flt", "ver": "0",
        "data": "0.0"
      },
      "2":{ "type": "flt", "ver": "0",
        "data": "0.0"
      },
      "3":{ "type": "flt", "ver": "0",
        "data": "0.0"
      },
      "4":{ "type": "flt", "ver": "0",
        "data": "0.0"
      },
      "5":{ "type": "flt", "ver": "0",
        "data": "0.0"
      },
      "6":{ "type": "flt", "ver": "0",
        "data": "0.0"
      },
      "7":{ "type": "flt", "ver": "0",
        "data": "0.0"
      },
      "8":{ "type": "flt", "ver": "0",
        "data": "0.0"
      },
      "9":{ "type": "flt", "ver": "0",
        "data": "0.0"
      },
      "10":{ "type": "flt", "ver": "0",
        "data": "0.0"
      },
      "11":{ "type": "flt", "ver": "0",
        "data": "0.0"
      }
    }
  }
}
