{
  "config":{
    "hw_platform": ["IDP", "IOT"],
    "soc_id": ["441", "471", "473", "474"]
  },
  "tmd2725_0":{
    "owner": "sns_tmd2725",
    ".als":{
      "owner": "sns_tmd2725",
      ".config":{
        "owner": "sns_tmd2725",
        "is_dri":{ "type": "int", "ver": "0",
          "data": "1"
        },
        "hw_id":{ "type": "int", "ver": "0",
          "data": "0"
        },
        "res_idx":{ "type": "int", "ver": "0",
          "data": "3"
        },
        "sync_stream":{ "type": "int", "ver": "0",
          "data": "0"
        }
      }
    },
    ".prox":{
      "owner": "sns_tmd2725",
      ".config":{
        "owner": "sns_tmd2725",
        "is_dri":{ "type": "int", "ver": "0",
          "data": "1"
        },
        "hw_id":{ "type": "int", "ver": "0",
          "data": "0"
        },
        "res_idx":{ "type": "int", "ver": "0",
          "data": "0"
        },
        "sync_stream":{ "type": "int", "ver": "0",
          "data": "0"
        }
      }
    }
  },
  "tmd2725_0_platform":{
    "owner": "sns_tmd2725",
    ".config":{
      "owner": "sns_tmd2725",
      "bus_type":{ "type": "int", "ver": "0",
        "data": "0"
      },
      "bus_instance":{ "type": "int", "ver": "0",
        "data": "1"
      },
      "slave_config":{ "type": "int", "ver": "0",
        "data": "57"
      },
      "min_bus_speed_khz":{ "type": "int", "ver": "0",
        "data": "400"
      },
      "max_bus_speed_khz":{ "type": "int", "ver": "0",
        "data": "400"
      },
      "reg_addr_type":{ "type": "int", "ver": "0",
        "data": "0"
      },
      "dri_irq_num":{ "type": "int", "ver": "0",
        "data": "35"
      },
      "irq_pull_type":{ "type": "int", "ver": "0",
        "data": "0"
      },
      "irq_is_chip_pin":{ "type": "int", "ver": "0",
        "data": "1"
      },
      "irq_drive_strength":{ "type": "int", "ver": "0",
        "data": "0"
      },
      "irq_trigger_type":{ "type": "int", "ver": "0",
        "data": "1"
      },
      "num_rail":{ "type": "int", "ver": "0",
        "data": "2"
      },
      "rail_on_state":{ "type": "int", "ver": "0",
        "data": "2"
      },
      "vddio_rail":{ "type": "str", "ver": "0",
        "data": "/pmic/client/sensor_vddio"
      },
      "vdd_rail":{ "type": "str", "ver": "0",
        "data": "/pmic/client/sensor_vdd"
      },
      "rigid_body_type":{ "type": "int", "ver": "0",
      "data": "0"
      }
    },
    ".als":{
      "owner": "sns_tmd2725",
      ".fac_cal":{
        "owner": "sns_tmd2725",
        "scale":{ "type": "flt", "ver": "0",
          "data": "2238.0"
        },
        "bias":{ "type": "flt", "ver": "0",
          "data": "2000.0"
        }
      },
      ".custom_cal":{
        "owner": "sns_tmd2725",
        "l0_factor":{ "type": "flt", "ver": "0",
          "data": "1000.0"
        },
        "l1_factor":{ "type": "flt", "ver": "0",
          "data": "260.0"
        },
        "l2_factor":{ "type": "flt", "ver": "0",
          "data": "800.0"
        },
        "l3_factor":{ "type": "flt", "ver": "0",
          "data": "270.0"
        },
        "d_factor":{ "type": "flt", "ver": "0",
          "data": "41.0"
        }
      },
      ".def_config":{
        "owner": "sns_tmd2725",
        "a_time":{ "type": "flt", "ver": "0",
          "data": "90000.0"
        },
        "w_time":{ "type": "flt", "ver": "0",
          "data": "28.0"
        },
        "w_long":{ "type": "flt", "ver": "0",
          "data": "1.0"
        },
        "a_gain":{ "type": "flt", "ver": "0",
          "data": "16000.0"
        },
        "a_pers":{ "type": "flt", "ver": "0",
          "data": "1.0"
        },
        "a_upperThrs":{ "type": "flt", "ver": "0",
          "data": "5.0"
        },
        "a_lowerThrs":{ "type": "flt", "ver": "0",
          "data": "5.0"
        },
        "a_thrsWidth":{ "type": "flt", "ver": "0",
          "data": "10.0"
        }
      },
      ".cal_target":{
        "owner": "sns_tmd2725",
        "lux_cal_target":{ "type": "flt", "ver": "0",
          "data": "300.0"
        },
        "lux_cal_target_tolerance":{ "type": "flt", "ver": "0",
          "data": "15.0"
        }
      }
    },
    ".prox":{
      "owner": "sns_tmd2725",
      ".fac_cal":{
        "owner": "sns_tmd2725",
        "near_threshold":{ "type": "flt", "ver": "0",
          "data": "97.0"
        },
        "far_threshold":{ "type": "flt", "ver": "0",
          "data": "19.0"
        }
      },
      ".proxOffset_hWcal":{
        "owner": "sns_tmd2725",
        "proxOffset":{ "type": "flt", "ver": "0",
          "data": "4.0"
        },
        "proxOffsetSign":{ "type": "flt", "ver": "0",
          "data": "0.0"
        }
      },
      ".def_config":{
        "owner": "sns_tmd2725",
        "ptime":{ "type": "flt", "ver": "0",
          "data": "49896.0"
        },
        "pwait_time":{ "type": "flt", "ver": "0",
          "data": "28.0"
        },
        "ppulse_len":{ "type": "flt", "ver": "0",
          "data": "1.0"
        },
        "ppulse":{ "type": "flt", "ver": "0",
          "data": "17.0"
        },
        "pgain":{ "type": "flt", "ver": "0",
          "data": "4000.0"
        },
        "pldrive":{ "type": "flt", "ver": "0",
          "data": "24.0"
        },
        "ppers":{ "type": "flt", "ver": "0",
          "data": "2.0"
        },
        "pupper_thrs":{ "type": "flt", "ver": "0",
          "data": "0.0"
        },
        "plower_thrs":{ "type": "flt", "ver": "0",
          "data": "255.0"
        },
        "poffset_sign":{ "type": "flt", "ver": "0",
          "data": "0.0"
        },
        "poffset_L":{ "type": "flt", "ver": "0",
          "data": "50.0"
        },
        "pBinSearch":{ "type": "flt", "ver": "0",
          "data": "2.0"
        }
      }
    },
    ".placement":{
      "owner": "sns_tmd2725",
      "0":{ "type": "flt", "ver": "0",
        "data": "0.0"
      },
      "1":{ "type": "flt", "ver": "0",
        "data": "0.0"
      },
      "2":{ "type": "flt", "ver": "0",
        "data": "0.0"
      },
      "3":{ "type": "flt", "ver": "0",
        "data": "0.0"
      },
      "4":{ "type": "flt", "ver": "0",
        "data": "0.0"
      },
      "5":{ "type": "flt", "ver": "0",
        "data": "0.0"
      },
      "6":{ "type": "flt", "ver": "0",
        "data": "0.0"
      },
      "7":{ "type": "flt", "ver": "0",
        "data": "0.0"
      },
      "8":{ "type": "flt", "ver": "0",
        "data": "0.0"
      },
      "9":{ "type": "flt", "ver": "0",
        "data": "0.0"
      },
      "10":{ "type": "flt", "ver": "0",
        "data": "0.0"
      },
      "11":{ "type": "flt", "ver": "0",
        "data": "0.0"
      }
    }
  }
}
