{
  "config":{
    "hw_platform": ["IDP"],
    "soc_id": ["518"]
  },
  "adux1050_0":{
    "owner": "sns_adux1050",
    ".proximity":{
      "owner": "sns_adux1050",
      ".config":{
        "owner": "sns_adux1050",
        "is_dri":{ "type": "int", "ver": "0",
          "data": "0"
        },
        "hw_id":{ "type": "int", "ver": "0",
          "data": "0"
        },
        "res_idx":{ "type": "int", "ver": "0",
          "data": "0"
        },
        "sync_stream":{ "type": "int", "ver": "0",
          "data": "0"
        }
      }
    },
    ".custom":{
      "owner": "sns_adux1050",
      ".config":{
        "owner": "sns_adux1050",
        "version":{ "type": "flt", "ver": "0",
          "data": "0x0000"
        },
        "reg_06":{ "type": "flt", "ver": "0",
          "data": "0x1800"
        },
        "reg_09":{ "type": "flt", "ver": "0",
          "data": "0x0000"
        },
        "reg_0A":{ "type": "flt", "ver": "0",
          "data": "0x0000"
        },
        "reg_79":{ "type": "flt", "ver": "0",
          "data": "0x0000"
        },
        "reg_0B":{ "type": "flt", "ver": "0",
          "data": "0x1800"
        },
        "reg_0E":{ "type": "flt", "ver": "0",
          "data": "0x0000"
        },
        "reg_0F":{ "type": "flt", "ver": "0",
          "data": "0x0000"
        },
        "reg_7A":{ "type": "flt", "ver": "0",
          "data": "0x0000"
        },
	"reg_10":{ "type": "flt", "ver": "0",
          "data": "0x1800"
        },
        "reg_13":{ "type": "flt", "ver": "0",
          "data": "0x0000"
        },
        "reg_14":{ "type": "flt", "ver": "0",
          "data": "0x0000"
        },
        "reg_7B":{ "type": "flt", "ver": "0",
          "data": "0x0000"
        },
        "reg_15":{ "type": "flt", "ver": "0",
          "data": "0x1800"
        },
        "reg_18":{ "type": "flt", "ver": "0",
          "data": "0x0000"
        },
        "reg_19":{ "type": "flt", "ver": "0",
          "data": "0x0000"
        },
        "reg_7C":{ "type": "flt", "ver": "0",
          "data": "0x0000"
        }
      }
    }
  },
  "adux1050_0_platform":{
    "owner": "sns_adux1050",
    ".config":{
      "owner": "sns_adux1050",
      "bus_type":{ "type": "int", "ver": "0",
        "data": "0"
      },
      "bus_instance":{ "type": "int", "ver": "0",
        "data": "1"
      },
      "slave_config":{ "type": "int", "ver": "0",
        "data": "44"
      },
      "min_bus_speed_khz":{ "type": "int", "ver": "0",
        "data": "400"
      },
      "max_bus_speed_khz":{ "type": "int", "ver": "0",
        "data": "400"
      },
      "reg_addr_type":{ "type": "int", "ver": "0",
        "data": "0"
      },
      "dri_irq_num":{ "type": "int", "ver": "0",
        "data": "67"
      },
      "irq_pull_type":{ "type": "int", "ver": "0",
        "data": "0"
      },
      "irq_is_chip_pin":{ "type": "int", "ver": "0",
        "data": "1"
      },
      "irq_drive_strength":{ "type": "int", "ver": "0",
        "data": "0"
      },
      "irq_trigger_type":{ "type": "int", "ver": "0",
        "data": "1"
      },
      "num_rail":{ "type": "int", "ver": "0",
        "data": "2"
      },
      "rail_on_state":{ "type": "int", "ver": "0",
        "data": "2"
      },
      "vdd_rail":{ "type": "str", "ver": "0",
        "data": "/pmic/client/sensor_vdd"
      },
      "vddio_rail":{ "type": "str", "ver": "0",
        "data": "/pmic/client/sensor_vddio"
      },
      "rigid_body_type":{ "type": "int", "ver": "0",
      "data": "0"
      }
    },
	".placement":{
      "owner": "sns_adux1050",
      "0":{ "type": "flt", "ver": "0",
        "data": "0.0"
      },
      "1":{ "type": "flt", "ver": "0",
        "data": "0.0"
      },
      "2":{ "type": "flt", "ver": "0",
        "data": "0.0"
      },
      "3":{ "type": "flt", "ver": "0",
        "data": "0.0"
      },
      "4":{ "type": "flt", "ver": "0",
        "data": "0.0"
      },
      "5":{ "type": "flt", "ver": "0",
        "data": "0.0"
      },
      "6":{ "type": "flt", "ver": "0",
        "data": "0.0"
      },
      "7":{ "type": "flt", "ver": "0",
        "data": "0.0"
      },
      "8":{ "type": "flt", "ver": "0",
        "data": "0.0"
      },
      "9":{ "type": "flt", "ver": "0",
        "data": "0.0"
      },
      "10":{ "type": "flt", "ver": "0",
        "data": "0.0"
      },
      "11":{ "type": "flt", "ver": "0",
        "data": "0.0"
      }
    }
  }
}
