{
    "config":{
        "hw_platform": ["IDP","Dragon", "Surf", "QRD", "HDK", "IOT"],
        "soc_id": ["417", "420", "444", "445", "469", "470", "518"]
    },

    "default_sensors": {
        "owner": "suid",
        ".accel": {
            "owner": "suid",
            ".attr_0": {
                "owner": "suid",
                "id": { "type": "int", "ver": "0", "data": "19" },
                "val": { "type": "int", "ver": "0", "data": "0" }
            }
        },

        ".gyro": {
            "owner": "suid",
            ".attr_0": {
                "owner": "suid",
                "id": { "type": "int", "ver": "0", "data": "19" },
                "val": { "type": "int", "ver": "0", "data": "0" }
            }
        },

        ".mag": {
            "owner": "suid",
            ".attr_0": {
                "owner": "suid",
                "id": { "type": "int", "ver": "0", "data": "19" },
                "val": { "type": "int", "ver": "0", "data": "0" }
            }
        },

        ".motion_detect": {
            "owner": "suid",
            ".attr_0": {
                "owner": "suid",
                "id": { "type": "int", "ver": "0", "data": "19" },
                "val": { "type": "int", "ver": "0", "data": "0" }
            }
        },

        ".sensor_temperature": {
            "owner": "suid",
            ".attr_0": {
                "owner": "suid",
                "id": { "type": "int", "ver": "0", "data": "19" },
                "val": { "type": "int", "ver": "0", "data": "0" }
            },
            ".attr_1": {
                "owner": "suid",
                "id": { "type": "int", "ver": "0", "data": "0" },
                "val": { "type": "str", "ver": "0", "data": "lsm6dso" }
            }
        },

        ".proximity": {
            "owner": "suid",
            ".attr_0": {
                "owner": "suid",
                "id": { "type": "int", "ver": "0", "data": "16" },
                "val": { "type": "int", "ver": "0", "data": "1" }
            }
        },

        ".ambient_light": {
            "owner": "suid",
            ".attr_0": {
                "owner": "suid",
                "id": { "type": "int", "ver": "0", "data": "16" },
                "val": { "type": "int", "ver": "0", "data": "1" }
            }
        },

        ".accel_cal": {
            "owner": "suid",
            ".attr_0": {
                "owner": "suid",
                "id": { "type": "int", "ver": "0", "data": "19" },
                "val": { "type": "int", "ver": "0", "data": "0" }
            }
        },

        ".gyro_cal": {
            "owner": "suid",
            ".attr_0": {
                "owner": "suid",
                "id": { "type": "int", "ver": "0", "data": "19" },
                "val": { "type": "int", "ver": "0", "data": "0" }
            }
        },

        ".mag_cal": {
            "owner": "suid",
            ".attr_0": {
                "owner": "suid",
                "id": { "type": "int", "ver": "0", "data": "19" },
                "val": { "type": "int", "ver": "0", "data": "0" }
            }
        },

        ".amd": {
            "owner": "suid",
            ".attr_0": {
                "owner": "suid",
                "id": { "type": "int", "ver": "0", "data": "19" },
                "val": { "type": "int", "ver": "0", "data": "0" }
            }
        },

        ".tilt": {
            "owner": "suid",
            ".attr_0": {
                "owner": "suid",
                "id": { "type": "int", "ver": "0", "data": "19" },
                "val": { "type": "int", "ver": "0", "data": "0" }
            }
        },

        ".gyro_rot_matrix": {
            "owner": "suid",
            ".attr_0": {
                "owner": "suid",
                "id": { "type": "int", "ver": "0", "data": "19" },
                "val": { "type": "int", "ver": "0", "data": "0" }
            }
        },

        ".gravity": {
            "owner": "suid",
            ".attr_0": {
                "owner": "suid",
                "id": { "type": "int", "ver": "0", "data": "19" },
                "val": { "type": "int", "ver": "0", "data": "0" }
            }
        },

        ".game_rv": {
            "owner": "suid",
            ".attr_0": {
                "owner": "suid",
                "id": { "type": "int", "ver": "0", "data": "19" },
                "val": { "type": "int", "ver": "0", "data": "0" }
            }
        },

        ".geomag_rv": {
            "owner": "suid",
            ".attr_0": {
                "owner": "suid",
                "id": { "type": "int", "ver": "0", "data": "19" },
                "val": { "type": "int", "ver": "0", "data": "0" }
            }
        },

        ".fmv": {
            "owner": "suid",
            ".attr_0": {
                "owner": "suid",
                "id": { "type": "int", "ver": "0", "data": "19" },
                "val": { "type": "int", "ver": "0", "data": "0" }
            }
        },

        ".rotv": {
            "owner": "suid",
            ".attr_0": {
                "owner": "suid",
                "id": { "type": "int", "ver": "0", "data": "19" },
                "val": { "type": "int", "ver": "0", "data": "0" }
            }
        }
    }
}

