{
  "config":{
    "hw_platform": ["MTP", "Dragon", "Surf", "HDK", "IDP"],
    "soc_id": ["518"]
  },
  "sc7a20_0_platform":{
    "owner": "sc7a20",
    ".config":{
      "owner": "sc7a20",
      "bus_type":{ "type": "int", "ver": "0",
        "data": "0"
      },
      "bus_instance":{ "type": "int", "ver": "0",
        "data": "2"
      },
      "slave_config":{ "type": "int", "ver": "0",
        "data": "24"
      },
      "min_bus_speed_khz":{ "type": "int", "ver": "0",
        "data": "400"
      },
      "max_bus_speed_khz":{ "type": "int", "ver": "0",
        "data": "400"
      },
      "reg_addr_type":{ "type": "int", "ver": "0",
        "data": "0"
      },
      "dri_irq_num":{ "type": "int", "ver": "0",
        "data": "32"
      },
      "irq_pull_type":{ "type": "int", "ver": "0",
        "data": "1"
      },
      "irq_is_chip_pin":{ "type": "int", "ver": "0",
        "data": "1"
      },
      "irq_drive_strength":{ "type": "int", "ver": "0",
        "data": "0"
      },
      "irq_trigger_type":{ "type": "int", "ver": "0",
        "data": "0"
      },
      "num_rail":{ "type": "int", "ver": "0",
        "data": "1"
      },
      "rail_on_state":{ "type": "int", "ver": "0",
        "data": "2"
      },
      "vdd_rail":{ "type": "str", "ver": "0",
        "data": "/pmic/client/sensor_vdd"
      },
      "vddio_rail":{ "type": "str", "ver": "0",
        "data": "/pmic/client/sensor_vddio"
      },
      "rigid_body_type":{ "type": "int", "ver": "0",
      "data": "0"
      }
    },
    ".orient":{
      "owner": "sc7a20",
      "x":{ "type": "str", "ver": "1",
        "data": "-y"
      },
      "y":{ "type": "str", "ver": "1",
        "data": "+x"
      },
      "z":{ "type": "str", "ver": "1",
        "data": "+z"
      }
    },
    ".accel":{
      "owner": "sc7a20",
      ".fac_cal":{
        "owner": "sc7a20",
        ".corr_mat":{
          "owner": "sc7a20",
          "0_0":{ "type": "flt", "ver": "0",
            "data": "1.0"
          },
          "0_1":{ "type": "flt", "ver": "0",
            "data": "0.0"
          },
          "0_2":{ "type": "flt", "ver": "0",
            "data": "0.0"
          },
          "1_0":{ "type": "flt", "ver": "0",
            "data": "0.0"
          },
          "1_1":{ "type": "flt", "ver": "0",
            "data": "1.0"
          },
          "1_2":{ "type": "flt", "ver": "0",
            "data": "0.0"
          },
          "2_0":{ "type": "flt", "ver": "0",
            "data": "0.0"
          },
          "2_1":{ "type": "flt", "ver": "0",
            "data": "0.0"
          },
          "2_2":{ "type": "flt", "ver": "0",
            "data": "1.0"
          }
        },
        ".bias":{
          "owner": "sc7a20",
          "x":{ "type": "flt", "ver": "0",
            "data": "0.0"
          },
          "y":{ "type": "flt", "ver": "0",
            "data": "0.0"
          },
          "z":{ "type": "flt", "ver": "0",
            "data": "0.0"
          }
        }
      }
    },
    ".temp":{
      "owner": "sc7a20",
      ".fac_cal":
      {
        "owner": "sc7a20",
        ".scale":{
          "owner": "sc7a20",
          "x":{ "type": "flt", "ver": "0",
            "data": "1.0"
          }
        },
        ".bias":{
          "owner": "sc7a20",
          "x":{ "type": "flt", "ver": "0",
            "data": "0.0"
          }
        }
      }
    },
    ".md":{
      "owner": "sc7a20",
      ".config":{
        "owner": "sc7a20",
        "thresh":{ "type": "flt", "ver": "0",
            "data": "1.2264"
        },
        "disable":{ "type": "int", "ver": "0",
          "data": "0"
        },
        "win":{ "type": "flt", "ver": "0",
          "data": "0.0"
        }
      }
    },
    ".placement":{
      "owner": "sc7a20",
      "0":{ "type": "flt", "ver": "0",
        "data": "0.0"
      },
      "1":{ "type": "flt", "ver": "0",
        "data": "0.0"
      },
      "2":{ "type": "flt", "ver": "0",
        "data": "0.0"
      },
      "3":{ "type": "flt", "ver": "0",
        "data": "0.0"
      },
      "4":{ "type": "flt", "ver": "0",
        "data": "0.0"
      },
      "5":{ "type": "flt", "ver": "0",
        "data": "0.0"
      },
      "6":{ "type": "flt", "ver": "0",
        "data": "0.0"
      },
      "7":{ "type": "flt", "ver": "0",
        "data": "0.0"
      },
      "8":{ "type": "flt", "ver": "0",
        "data": "0.0"
      },
      "9":{ "type": "flt", "ver": "0",
        "data": "0.0"
      },
      "10":{ "type": "flt", "ver": "0",
        "data": "0.0"
      },
      "11":{ "type": "flt", "ver": "0",
        "data": "0.0"
      }
    }
  }
}
