{
  "config":{
    "hw_platform": ["IDP", "IOT"],
    "soc_id": ["417", "420", "444", "445", "469", "470", "518"]
  },
    "bu52053nvx_0":{
    "owner": "sns_bu52053nvx",
    ".hall":{
      "owner": "sns_bu52053nvx",
      ".config":{
        "owner": "sns_bu52053nvx",
        "is_dri":{ "type": "int", "ver": "0",
          "data": "1"
        },
        "hw_id":{ "type": "int", "ver": "0",
          "data": "0"
        },
        "res_idx":{ "type": "int", "ver": "0",
          "data": "1"
        },
        "sync_stream":{ "type": "int", "ver": "0",
          "data": "0"
        }
      }
    }
  },
  "bu52053nvx_0_platform":{
    "owner": "sns_bu52053nvx",
    ".config":{
      "owner": "sns_bu52053nvx",
      "dri_irq_num":{ "type": "int", "ver": "0",
        "data": "36"
      },
      "irq_pull_type":{ "type": "int", "ver": "0",
        "data": "0"
      },
      "irq_is_chip_pin":{ "type": "int", "ver": "0",
        "data": "1"
      },
      "irq_drive_strength":{ "type": "int", "ver": "0",
        "data": "0"
      },
      "irq_trigger_type":{ "type": "int", "ver": "0",
        "data": "2"
      },
      "num_rail":{ "type": "int", "ver": "0",
        "data": "1"
      },
      "vddio_rail":{ "type": "str", "ver": "0",
        "data": "/pmic/client/sensor_vddio"
      },
      "rail_on_state":{ "type": "int", "ver": "0",
        "data": "2"
      }
    }
  }
}
