{
  "config": {
    "hw_platform": ["IDP"],
    "soc_id": ["518"]
  },
  "bmi26x_crt_state":{
    "owner": "sns_bmi26x",
    ".crt_gain":{
      "owner": "sns_bmi26x",
      "gain_x":{ "type": "int", "ver": "0",
        "data": "0"
      },
      "gain_y":{ "type": "int", "ver": "0",
        "data": "0"
      },
      "gain_z":{ "type": "int", "ver": "0",
        "data": "0"
      }
    }
  },
  "bmi26x_ois_cfg":{
    "owner": "sns_bmi26x",
    ".ois_cfg":{
      "owner": "sns_bmi26x",
      "enable":{ "type": "int", "ver": "0",
        "data": "1"
      },
      "range_idx":{ "type": "int", "ver": "0",
        "data": "0"
      },
      "spi4":{ "type": "int", "ver": "0",
        "data": "0"
      }
    }
  }
}
