{
  "config":
  {
    "hw_platform": ["IDP"],
    "soc_id": ["518"]
  },
  "bmi26x_0":{
    "owner": "sns_bmi26x",
    ".accel":{
      "owner": "sns_bmi26x",
      ".config":{
        "owner": "sns_bmi26x",
        "is_dri":{ "type": "int", "ver": "0",
          "data": "1"
        },
        "hw_id":{ "type": "int", "ver": "0",
          "data": "0"
        },
        "res_idx":{ "type": "int", "ver": "0",
          "data": "2"
        },
        "sync_stream":{ "type": "int", "ver": "0",
          "data": "0"
        }
      }
    },
    ".gyro":{
      "owner": "sns_bmi26x",
      ".config":{
        "owner": "sns_bmi26x",
        "is_dri":{ "type": "int", "ver": "0",
          "data": "1"
        },
        "hw_id":{ "type": "int", "ver": "0",
          "data": "0"
        },
        "res_idx":{ "type": "int", "ver": "0",
          "data": "3"
        },
        "sync_stream":{ "type": "int", "ver": "0",
          "data": "0"
        }
      }
    }
  }
}
