{
  "config":
  {
    "hw_platform": ["IDP"],
    "soc_id": [ "518"]
  },
  "qmc6308_0":{
    "owner": "sns_qmc6308",
    ".mag":{
      "owner": "sns_qmc6308",
      ".config":{
        "owner": "sns_qmc6308",
        "is_dri":{ "type": "int", "ver": "0",
          "data": "0"
        },
        "hw_id":{ "type": "int", "ver": "0",
          "data": "0"
        },
        "res_idx":{ "type": "int", "ver": "0",
          "data": "0"
        },
        "sync_stream":{ "type": "int", "ver": "0",
          "data": "0"
        }
      },
      ".config_2":{
        "owner": "sns_qmc6308",
        "use_fifo":{ "type": "int", "ver": "0",
          "data": "0"
        },
        "nsf":{ "type": "int", "ver": "0",
          "data": "0"
        },
        "sdr":{ "type": "int", "ver": "0",
          "data": "0"
        }
      }
    }
  },

  "qmc6308_0_platform":{
    "owner": "sns_qmc6308",
    ".config":{
      "owner": "sns_qmc6308",
      "bus_type":{ "type": "int", "ver": "0",
        "data": "0"
      },
      "bus_instance":{ "type": "int", "ver": "0",
        "data": "2"
      },
      "slave_config":{ "type": "int", "ver": "0",
        "data": "44"
      },
      "min_bus_speed_khz":{ "type": "int", "ver": "0",
        "data": "400"
      },
      "max_bus_speed_khz":{ "type": "int", "ver": "0",
        "data": "400"
      },
      "reg_addr_type":{ "type": "int", "ver": "0",
        "data": "0"
      },
      "num_rail":{ "type": "int", "ver": "0",
        "data": "1"
      },
      "rail_on_state":{ "type": "int", "ver": "0",
        "data": "2"
      },
      "vddio_rail":{ "type": "str", "ver": "0",
        "data": "/pmic/client/sensor_vddio"
      },
      "rigid_body_type":{ "type": "int", "ver": "0",
      "data": "0"
      }
    },
    ".orient":{
      "owner": "sns_qmc6308",
      "x":{ "type": "str", "ver": "0",
        "data": "-x"
      },
      "y":{ "type": "str", "ver": "0",
        "data": "+y"
      },
      "z":{ "type": "str", "ver": "0",
        "data": "-z"
      }
    },
    ".mag":{
      "owner": "sns_qmc6308",
      ".fac_cal":{
        "owner": "sns_qmc6308",
        ".corr_mat":{
          "owner": "sns_qmc6308",
          "0_0":{ "type": "flt", "ver": "0",
            "data": "1.020436"
          },
          "0_1":{ "type": "flt", "ver": "0",
            "data": "0.002998"
          },
          "0_2":{ "type": "flt", "ver": "0",
            "data": "-0.011826"
          },
          "1_0":{ "type": "flt", "ver": "0",
            "data": "0.002998"
          },
          "1_1":{ "type": "flt", "ver": "0",
            "data": "0.908457"
          },
          "1_2":{ "type": "flt", "ver": "0",
            "data": "-0.000880"
          },
          "2_0":{ "type": "flt", "ver": "0",
            "data": "-0.011826"
          },
          "2_1":{ "type": "flt", "ver": "0",
            "data": "-0.000880"
          },
          "2_2":{ "type": "flt", "ver": "0",
            "data": "1.008338"
          }
        },
        ".bias":{
          "owner": "sns_qmc6308",
          "x":{ "type": "flt", "ver": "0",
            "data": "0.0"
          },
          "y":{ "type": "flt", "ver": "0",
            "data": "0.0"
          },
          "z":{ "type": "flt", "ver": "0",
            "data": "0.0"
          }
        }
      },
      ".fac_cal_2":{
        "owner": "sns_qmc6308",
        ".corr_mat":{
          "owner": "sns_qmc6308",
          "0_0":{ "type": "flt", "ver": "0",
            "data": "1.0"
          },
          "0_1":{ "type": "flt", "ver": "0",
            "data": "0.0"
          },
          "0_2":{ "type": "flt", "ver": "0",
            "data": "0.0"
          },
          "1_0":{ "type": "flt", "ver": "0",
            "data": "0.0"
          },
          "1_1":{ "type": "flt", "ver": "0",
            "data": "1.0"
          },
          "1_2":{ "type": "flt", "ver": "0",
            "data": "0.0"
          },
          "2_0":{ "type": "flt", "ver": "0",
            "data": "0.0"
          },
          "2_1":{ "type": "flt", "ver": "0",
            "data": "0.0"
          },
          "2_2":{ "type": "flt", "ver": "0",
            "data": "1.0"
          }
        },
        ".bias":{
          "owner": "sns_qmc6308",
          "x":{ "type": "flt", "ver": "0",
            "data": "0.0"
          },
          "y":{ "type": "flt", "ver": "0",
            "data": "0.0"
          },
          "z":{ "type": "flt", "ver": "0",
            "data": "0.0"
          }
        }
      }
    },
    ".placement":{
      "owner": "sns_qmc6308",
      "0":{ "type": "flt", "ver": "0",
        "data": "0.0"
      },
      "1":{ "type": "flt", "ver": "0",
        "data": "0.0"
      },
      "2":{ "type": "flt", "ver": "0",
        "data": "0.0"
      },
      "3":{ "type": "flt", "ver": "0",
        "data": "0.0"
      },
      "4":{ "type": "flt", "ver": "0",
        "data": "0.0"
      },
      "5":{ "type": "flt", "ver": "0",
        "data": "0.0"
      },
      "6":{ "type": "flt", "ver": "0",
        "data": "0.0"
      },
      "7":{ "type": "flt", "ver": "0",
        "data": "0.0"
      },
      "8":{ "type": "flt", "ver": "0",
        "data": "0.0"
      },
      "9":{ "type": "flt", "ver": "0",
        "data": "0.0"
      },
      "10":{ "type": "flt", "ver": "0",
        "data": "0.0"
      },
      "11":{ "type": "flt", "ver": "0",
        "data": "0.0"
      }
    }
  }
}
