{
  "config":{
    "hw_platform": ["IDP"],
    "soc_id": ["518"]
  },
  "mir3da_0":{
    "owner": "sns_mir3da",
    ".accel":{
      "owner": "sns_mir3da",
      ".config":{
        "owner": "sns_mir3da",
        "is_dri":{ "type": "int", "ver": "1",
          "data": "1"
        },
        "hw_id":{ "type": "int", "ver": "0",
          "data": "0"
        },
        "res_idx":{ "type": "int", "ver": "0",
          "data": "1"
        },
        "sync_stream":{ "type": "int", "ver": "0",
          "data": "0"
        }
      }
    },
    ".md":{
      "owner": "sns_mir3da",
      ".config":{
        "owner": "sns_mir3da",
        "is_dri":{ "type": "int", "ver": "0",
          "data": "0"
        },
        "hw_id":{ "type": "int", "ver": "0",
          "data": "0"
        },
        "res_idx":{ "type": "int", "ver": "0",
          "data": "0"
        },
        "sync_stream":{ "type": "int", "ver": "0",
          "data": "0"
        }
      }
    }
  },
  "mir3da_0_platform":{
    "owner": "sns_mir3da",
    ".config":{
      "owner": "sns_mir3da",
      "bus_type":{ "type": "int", "ver": "0",
        "data": "0"
      },
      "bus_instance":{ "type": "int", "ver": "0",
        "data": "2"
      },
      "slave_config":{ "type": "int", "ver": "0",
        "data": "39"
      },
      "min_bus_speed_khz":{ "type": "int", "ver": "0",
        "data": "400"
      },
      "max_bus_speed_khz":{ "type": "int", "ver": "0",
        "data": "400"
      },
      "reg_addr_type":{ "type": "int", "ver": "0",
        "data": "0"
      },
      "dri_irq_num":{ "type": "int", "ver": "0",
        "data": "32"
      },
      "irq_pull_type":{ "type": "int", "ver": "1",
        "data": "1"
      },
      "irq_is_chip_pin":{ "type": "int", "ver": "0",
        "data": "1"
      },
      "irq_drive_strength":{ "type": "int", "ver": "0",
        "data": "0"
      },
      "irq_trigger_type":{ "type": "int", "ver": "1",
        "data": "0"
      },
      "num_rail":{ "type": "int", "ver": "0",
        "data": "1"
      },
      "rail_on_state":{ "type": "int", "ver": "0",
        "data": "2"
      },
      "vdd_rail":{ "type": "str", "ver": "0",
        "data": "/pmic/client/sensor_vdd"
      },
      "vddio_rail":{ "type": "str", "ver": "0",
        "data": "/pmic/client/sensor_vddio"
      },
      "rigid_body_type":{ "type": "int", "ver": "0",
      "data": "0"
      }
    },
    ".orient":{
      "owner": "sns_mir3da",
      "x":{ "type": "str", "ver": "3",
        "data": "-x"
      },
      "y":{ "type": "str", "ver": "3",
        "data": "-y"
      },
      "z":{ "type": "str", "ver": "0",
        "data": "+z"
      }
    },
    ".accel":{
      "owner": "sns_mir3da",
      ".fac_cal":{
        "owner": "sns_mir3da",
        ".corr_mat":{
          "owner": "sns_mir3da",
          "0_0":{ "type": "flt", "ver": "0",
            "data": "0.0"
          },
          "0_1":{ "type": "flt", "ver": "0",
            "data": "-1.0"
          },
          "0_2":{ "type": "flt", "ver": "0",
            "data": "0.0"
          },
          "1_0":{ "type": "flt", "ver": "0",
            "data": "1.0"
          },
          "1_1":{ "type": "flt", "ver": "0",
            "data": "0.0"
          },
          "1_2":{ "type": "flt", "ver": "0",
            "data": "0.0"
          },
          "2_0":{ "type": "flt", "ver": "0",
            "data": "0.0"
          },
          "2_1":{ "type": "flt", "ver": "0",
            "data": "0.0"
          },
          "2_2":{ "type": "flt", "ver": "0",
            "data": "1.0"
          }
        },
        ".bias":{
          "owner": "sns_mir3da",
          "x":{ "type": "flt", "ver": "0",
            "data": "0.0"
          },
          "y":{ "type": "flt", "ver": "0",
            "data": "0.0"
          },
          "z":{ "type": "flt", "ver": "0",
            "data": "0.0"
          }
        }
      }
    },
    ".md":{
      "owner": "sns_mir3da",
      ".config":{
        "owner": "sns_mir3da",
        "thresh":{ "type": "flt", "ver": "0",
            "data": "2.45"
        },
        "disable":{ "type": "int", "ver": "0",
          "data": "0"
        },
        "win":{ "type": "flt", "ver": "0",
          "data": "0.25"
        }
      }
    },
    ".placement":{
      "owner": "sns_mir3da",
      "0":{ "type": "flt", "ver": "0",
        "data": "0.0"
      },
      "1":{ "type": "flt", "ver": "0",
        "data": "0.0"
      },
      "2":{ "type": "flt", "ver": "0",
        "data": "0.0"
      },
      "3":{ "type": "flt", "ver": "0",
        "data": "0.0"
      },
      "4":{ "type": "flt", "ver": "0",
        "data": "0.0"
      },
      "5":{ "type": "flt", "ver": "0",
        "data": "0.0"
      },
      "6":{ "type": "flt", "ver": "0",
        "data": "0.0"
      },
      "7":{ "type": "flt", "ver": "0",
        "data": "0.0"
      },
      "8":{ "type": "flt", "ver": "0",
        "data": "0.0"
      },
      "9":{ "type": "flt", "ver": "0",
        "data": "0.0"
      },
      "10":{ "type": "flt", "ver": "0",
        "data": "0.0"
      },
      "11":{ "type": "flt", "ver": "0",
        "data": "0.0"
      }
    }
  }
}
