{
  "config":
  {
    "hw_platform": ["IDP"],
    "soc_id": ["518"]
  },
    "ak0991x_0":{
    "owner": "sns_ak0991x",
    ".mag":{
      "owner": "sns_ak0991x",
      ".config":{
        "owner": "sns_ak0991x",
        "is_dri":{ "type": "int", "ver": "0",
          "data": "0"
        },
        "hw_id":{ "type": "int", "ver": "0",
          "data": "0"
        },
        "res_idx":{ "type": "int", "ver": "0",
          "data": "0"
        },
        "sync_stream":{ "type": "int", "ver": "0",
          "data": "0"
        }
      },
      ".config_2":{
        "owner": "sns_ak0991x",
        "use_fifo":{ "type": "int", "ver": "0",
          "data": "0"
        },
        "nsf":{ "type": "int", "ver": "0",
          "data": "0"
        },
        "sdr":{ "type": "int", "ver": "0",
          "data": "0"
        }
      }
    }
  },
  "ak0991x_0_platform":{
    "owner": "sns_ak0991x",
    ".config":{
      "owner": "sns_ak0991x",
      "bus_type":{ "type": "int", "ver": "0",
        "data": "0"
      },
      "bus_instance":{ "type": "int", "ver": "0",
        "data": "2"
      },
      "slave_config":{ "type": "int", "ver": "0",
        "data": "12"
      },

      "min_bus_speed_khz":{ "type": "int", "ver": "0",
        "data": "400"
      },
      "max_bus_speed_khz":{ "type": "int", "ver": "0",
        "data": "400"
      },
      "reg_addr_type":{ "type": "int", "ver": "0",
        "data": "0"
      },
      "dri_irq_num":{ "type": "int", "ver": "0",
        "data": "113"
      },
      "irq_pull_type":{ "type": "int", "ver": "0",
        "data": "3"
      },
      "irq_is_chip_pin":{ "type": "int", "ver": "0",
        "data": "1"
      },
      "irq_drive_strength":{ "type": "int", "ver": "0",
        "data": "0"
      },
      "irq_trigger_type":{ "type": "int", "ver": "0",
        "data": "1"
      },
      "num_rail":{ "type": "int", "ver": "0",
        "data": "1"
      },
      "rail_on_state":{ "type": "int", "ver": "0",
        "data": "2"
      },
      "vddio_rail":{ "type": "str", "ver": "0",
        "data": "/pmic/client/sensor_vddio"
      },
      "rigid_body_type":{ "type": "int", "ver": "0",
      "data": "0"
      }
    },
    ".orient":{
      "owner": "sns_ak0991x",
      "x":{ "type": "str", "ver": "0",
        "data": "-x"
      },
      "y":{ "type": "str", "ver": "0",
        "data": "+y"
      },
      "z":{ "type": "str", "ver": "0",
        "data": "-z"
      }
    },
    ".mag":{
      "owner": "sns_ak0991x",
      ".fac_cal":{
        "owner": "sns_ak0991x",
        ".corr_mat":{
          "owner": "sns_ak0991x",
          "0_0":{ "type": "flt", "ver": "0",
            "data": "1.043701171875"
          },
          "0_1":{ "type": "flt", "ver": "0",
            "data": "-0.01556396484375"
          },
          "0_2":{ "type": "flt", "ver": "0",
            "data": "-0.01837158203125"
          },
          "1_0":{ "type": "flt", "ver": "0",
            "data": "-0.023681640625"
          },
          "1_1":{ "type": "flt", "ver": "0",
            "data": "0.9288330078125"
          },
          "1_2":{ "type": "flt", "ver": "0",
            "data": "-0.0440673828125"
          },
          "2_0":{ "type": "flt", "ver": "0",
            "data": "0.00555419921875"
          },
          "2_1":{ "type": "flt", "ver": "0",
            "data": "0.03271484375"
          },
          "2_2":{ "type": "flt", "ver": "0",
            "data": "1.03009033203125"
          }
        },
        ".bias":{
          "owner": "sns_ak0991x",
          "x":{ "type": "flt", "ver": "0",
            "data": "0.0"
          },
          "y":{ "type": "flt", "ver": "0",
            "data": "0.0"
          },
          "z":{ "type": "flt", "ver": "0",
            "data": "0.0"
          }
        }
      },
      ".fac_cal_2":{
        "owner": "sns_ak0991x",
        ".corr_mat":{
          "owner": "sns_ak0991x",
          "0_0":{ "type": "flt", "ver": "0",
            "data": "1.0"
          },
          "0_1":{ "type": "flt", "ver": "0",
            "data": "0.0"
          },
          "0_2":{ "type": "flt", "ver": "0",
            "data": "0.0"
          },
          "1_0":{ "type": "flt", "ver": "0",
            "data": "0.0"
          },
          "1_1":{ "type": "flt", "ver": "0",
            "data": "1.0"
          },
          "1_2":{ "type": "flt", "ver": "0",
            "data": "0.0"
          },
          "2_0":{ "type": "flt", "ver": "0",
            "data": "0.0"
          },
          "2_1":{ "type": "flt", "ver": "0",
            "data": "0.0"
          },
          "2_2":{ "type": "flt", "ver": "0",
            "data": "1.0"
          }
        },
        ".bias":{
          "owner": "sns_ak0991x",
          "x":{ "type": "flt", "ver": "0",
            "data": "0.0"
          },
          "y":{ "type": "flt", "ver": "0",
            "data": "0.0"
          },
          "z":{ "type": "flt", "ver": "0",
            "data": "0.0"
          }
        }
      }
    },
    ".placement":{
      "owner": "sns_ak0991x",
      "0":{ "type": "flt", "ver": "0",
        "data": "0.0"
      },
      "1":{ "type": "flt", "ver": "0",
        "data": "0.0"
      },
      "2":{ "type": "flt", "ver": "0",
        "data": "0.0"
      },
      "3":{ "type": "flt", "ver": "0",
        "data": "0.0"
      },
      "4":{ "type": "flt", "ver": "0",
        "data": "0.0"
      },
      "5":{ "type": "flt", "ver": "0",
        "data": "0.0"
      },
      "6":{ "type": "flt", "ver": "0",
        "data": "0.0"
      },
      "7":{ "type": "flt", "ver": "0",
        "data": "0.0"
      },
      "8":{ "type": "flt", "ver": "0",
        "data": "0.0"
      },
      "9":{ "type": "flt", "ver": "0",
        "data": "0.0"
      },
      "10":{ "type": "flt", "ver": "0",
        "data": "0.0"
      },
      "11":{ "type": "flt", "ver": "0",
        "data": "0.0"
      }
    }
  }
}
