{
  "config":{
    "hw_platform": ["IDP"],
    "soc_id": ["518"]
  },
  "bmi26x_0_platform":{
    "owner": "sns_bmi26x",
    ".config":{
      "owner": "sns_bmi26x",
      "bus_type":{ "type": "int", "ver": "0",
        "data": "0"
      },
      "bus_instance":{ "type": "int", "ver": "0",
        "data": "2"
      },
      "slave_config":{ "type": "int", "ver": "0",
        "data": "0X68"
      },
      "min_bus_speed_khz":{ "type": "int", "ver": "0",
        "data": "400"
      },
      "max_bus_speed_khz":{ "type": "int", "ver": "0",
        "data": "400"
      },
      "reg_addr_type":{ "type": "int", "ver": "0",
        "data": "0"
      },
      "dri_irq_num":{ "type": "int", "ver": "0",
        "data": "32"
      },
      "irq_pull_type":{ "type": "int", "ver": "0",
        "data": "2"
      },
      "irq_is_chip_pin":{ "type": "int", "ver": "0",
        "data": "1"
      },
      "irq_drive_strength":{ "type": "int", "ver": "0",
        "data": "0"
      },
      "irq_trigger_type":{ "type": "int", "ver": "0",
        "data": "0"
      },
      "num_rail":{ "type": "int", "ver": "0",
        "data": "2"
      },
      "rail_on_state":{ "type": "int", "ver": "0",
        "data": "2"
      },
	  "vdd_rail":{ "type": "str", "ver": "0",
        "data": "/pmic/client/sensor_vdd"
      },
      "vddio_rail":{ "type": "str", "ver": "0",
        "data": "/pmic/client/sensor_vddio"
      },
      "rigid_body_type":{ "type": "int", "ver": "0",
      "data": "0"
      }
    },
    ".orient":{
      "owner": "sns_bmi26x",
      "x":{ "type": "str", "ver": "0",
        "data": "-x"
      },
      "y":{ "type": "str", "ver": "0",
        "data": "+y"
      },
      "z":{ "type": "str", "ver": "0",
        "data": "-z"
      }
    },
    ".gyro":{
      "owner": "sns_bmi26x",
      ".fac_cal":{
        "owner": "sns_bmi26x",
        ".corr_mat":{
          "owner": "sns_bmi26x",
          "0_0":{ "type": "flt", "ver": "0",
            "data": "1.0"
          },
          "0_1":{ "type": "flt", "ver": "0",
            "data": "0.0"
          },
          "0_2":{ "type": "flt", "ver": "0",
            "data": "0.0"
          },
          "1_0":{ "type": "flt", "ver": "0",
            "data": "0.0"
          },
          "1_1":{ "type": "flt", "ver": "0",
            "data": "1.0"
          },
          "1_2":{ "type": "flt", "ver": "0",
            "data": "0.0"
          },
          "2_0":{ "type": "flt", "ver": "0",
            "data": "0.0"
          },
          "2_1":{ "type": "flt", "ver": "0",
            "data": "0.0"
          },
          "2_2":{ "type": "flt", "ver": "0",
            "data": "1.0"
          }
        },
        ".bias":{
          "owner": "sns_bmi26x",
          "x":{ "type": "flt", "ver": "0",
            "data": "0.0"
          },
          "y":{ "type": "flt", "ver": "0",
            "data": "0.0"
          },
          "z":{ "type": "flt", "ver": "0",
            "data": "0.0"
          }
        }
      }
    },
    ".accel":{
      "owner": "sns_bmi26x",
      ".fac_cal":{
        "owner": "sns_bmi26x",
        ".corr_mat":{
          "owner": "sns_bmi26x",
          "0_0":{ "type": "flt", "ver": "0",
            "data": "1.0"
          },
          "0_1":{ "type": "flt", "ver": "0",
            "data": "0.0"
          },
          "0_2":{ "type": "flt", "ver": "0",
            "data": "0.0"
          },
          "1_0":{ "type": "flt", "ver": "0",
            "data": "0.0"
          },
          "1_1":{ "type": "flt", "ver": "0",
            "data": "1.0"
          },
          "1_2":{ "type": "flt", "ver": "0",
            "data": "0.0"
          },
          "2_0":{ "type": "flt", "ver": "0",
            "data": "0.0"
          },
          "2_1":{ "type": "flt", "ver": "0",
            "data": "0.0"
          },
          "2_2":{ "type": "flt", "ver": "0",
            "data": "1.0"
          }
        },
        ".bias":{
          "owner": "sns_bmi26x",
          "x":{ "type": "flt", "ver": "0",
            "data": "0.0"
          },
          "y":{ "type": "flt", "ver": "0",
            "data": "0.0"
          },
          "z":{ "type": "flt", "ver": "0",
            "data": "0.0"
          }
        }
      }
    },
    ".temp":{
      "owner": "sns_bmi26x",
      ".fac_cal":
      {
        "owner": "sns_bmi26x",
        ".scale":{
          "owner": "sns_bmi26x",
          "x":{ "type": "flt", "ver": "0",
            "data": "1.0"
          }
        },
        ".bias":{
          "owner": "sns_bmi26x",
          "x":{ "type": "flt", "ver": "0",
            "data": "0.0"
          }
        }
      }
    },
    ".md":{
      "owner": "sns_bmi26x",
      ".config":{
        "owner": "sns_bmi26x",
        "thresh":{ "type": "flt", "ver": "0",
            "data": "0.1"
        },
        "disable":{ "type": "int", "ver": "0",
          "data": "0"
        },
        "win":{ "type": "flt", "ver": "0",
          "data": "0.04"
        }
      }
    },
    ".placement":{
      "owner": "sns_bmi26x",
      "0":{ "type": "flt", "ver": "0",
        "data": "0.0"
      },
      "1":{ "type": "flt", "ver": "0",
        "data": "0.0"
      },
      "2":{ "type": "flt", "ver": "0",
        "data": "0.0"
      },
      "3":{ "type": "flt", "ver": "0",
        "data": "0.0"
      },
      "4":{ "type": "flt", "ver": "0",
        "data": "0.0"
      },
      "5":{ "type": "flt", "ver": "0",
        "data": "0.0"
      },
      "6":{ "type": "flt", "ver": "0",
        "data": "0.0"
      },
      "7":{ "type": "flt", "ver": "0",
        "data": "0.0"
      },
      "8":{ "type": "flt", "ver": "0",
        "data": "0.0"
      },
      "9":{ "type": "flt", "ver": "0",
        "data": "0.0"
      },
      "10":{ "type": "flt", "ver": "0",
        "data": "0.0"
      },
      "11":{ "type": "flt", "ver": "0",
        "data": "0.0"
      }
    }
  }
}
