{
  "config":
  {
    "hw_platform": ["MTP", "Dragon", "Surf", "IDP"],
    "soc_id": ["336", "339", "341", "347", "355", "360", "361", "365", "366", "393", "417", "444", "518"]
  },
  "sc7a20_0":{
    "owner": "sc7a20",
    ".accel":{
      "owner": "sc7a20",
      ".config":{
        "owner": "sc7a20",
        "is_dri":{ "type": "int", "ver": "0",
          "data": "1"
        },
        "hw_id":{ "type": "int", "ver": "0",
          "data": "0"
        },
        "res_idx":{ "type": "int", "ver": "0",
          "data": "1"
        },
        "sync_stream":{ "type": "int", "ver": "0",
          "data": "0"
        }
      }
    },
    ".md":{
      "owner": "sc7a20",
      ".config":{
        "owner": "sc7a20",
        "is_dri":{ "type": "int", "ver": "0",
          "data": "1"
        },
        "hw_id":{ "type": "int", "ver": "0",
          "data": "0"
        },
        "res_idx":{ "type": "int", "ver": "0",
          "data": "0"
        },
        "sync_stream":{ "type": "int", "ver": "0",
          "data": "0"
        }
      }
    },
    ".temp":{
      "owner": "sc7a20",
      ".config":{
        "owner": "sc7a20",
        "is_dri":{ "type": "int", "ver": "0",
          "data": "0"
        },
        "hw_id":{ "type": "int", "ver": "0",
          "data": "0"
        },
        "res_idx":{ "type": "int", "ver": "0",
          "data": "2"
        },
        "sync_stream":{ "type": "int", "ver": "0",
          "data": "0"
        }
      }
    }
  }
}
