{
  "config": {
    "hw_platform": ["MTP", "Dragon", "Surf", "QRD", "HDK", "IDP", "IOT"],
    "soc_id": ["291", "246", "300", "301", "305", "321", "336", "339", "341", "355", "356", "360", "361", "365", "366", "393", "394",
    "400", "407", "417", "440", "415", "439", "416", "437", "444", "445", "420", "424", "443", "434", "435", "459", "441", "471", "456", "454","450", "476", "467", "468", "469", "470", "473", "474", "501", "502", "475", "497", "498", "515", "507", "518"]
  },
  "sns_rmd": {
    "owner": "sns_rmd",
    "param4": {
      "ver": "0", "type": "flt", "data": "0.2"
    },
    "param3": {
      "ver": "0", "type": "flt", "data": "5"
    },
    "param2": {
      "ver": "0", "type": "flt", "data": "0.2"
    },
    "param1": {
      "ver": "0", "type": "flt", "data": "173"
    },
   "sample_rate": {
     "ver": "0", "type": "flt", "data": "30.0"
   }
  }
}