{
  "config": {
    "hw_platform": [ "MTP", "Dragon", "Surf", "QRD", "HDK", "IDP", "IOT"],
    "soc_id": ["291", "246", "305", "321", "336", "339", "340", "347", "341", "355", "356", "360", "361", "365", "366", "393", "394", "400",
    "407", "417", "440", "415", "439", "416", "437", "444", "445", "420", "424", "443", "434", "435", "459", "441", "471", "455", "456", "454","450", "476", "467", "468", "469", "470", "473", "474", "501", "502", "475", "496", "497", "498", "515", "507", "518"]
  },
  "sns_amd": {
    "owner": "sns_amd",
    "param1": {"ver": "0","type": "flt","data": "0.06"
    },
    "param2": {"ver": "0","type": "flt","data": "0.5"
    },
    "sample_rate": {"ver": "0","type": "flt", "data": "10.0"
    }
  }
}
