{
  "config":{
    "hw_platform": ["MTP", "Dragon", "Surf", "QRD", "HDK", "IDP", "IOT"],
    "soc_id": ["291", "246", "300", "301", "305", "321", "336", "339", "341", "347", "355", "356", "360", "361", "365", "366", "393", "394", "400",
    "407", "416", "417", "437", "440", "415", "439", "444", "445", "420", "424", "443", "459", "441", "471", "455", "456", "454", "450", "476", "467", "468", "469", "470", "473", "474", "501", "502", "475", "496", "497", "498", "515", "507", "518"]
  },
"sns_cm":{
    "owner": "sns_cm",
    "heap_size":{ "type": "int", "ver": "0",
          "data": "1572864"
    },
    "max_batch_disabled":{ "type": "int", "ver": "0",
          "data": "0"
    },
    "min_batch_period_thrshld_ms":{ "type": "int", "ver": "0",
          "data": "10"
    }
  }
}
