{
  "config":
  {
    "hw_platform": ["MTP", "Dragon", "Surf", "QRD", "HDK", "IDP", "IOT"],
    "soc_id": ["291", "246", "300", "301", "305", "321", "336", "339", "341", "355", "356", "360", "361", "365", "366", "393", "394", "400",
    "407", "417", "440", "415", "439", "416", "437","444", "445", "420", "424", "443", "434", "435", "459", "441", "471", "456", "454","450", "476", "467", "468", "469", "470", "473", "474", "501", "502", "475", "497", "498", "515", "507", "518"]
  },
  "sns_rotv_platform": {
    "owner": "sns_rotv",
    ".config":{
      "owner": "sns_rotv",
      "min_report_rate": {
         "type": "flt", "ver": "0", "data": "1.0"
      },
      "debug_mode": {
        "type": "int", "ver": "0", "data": "0"
      },
      "sample_rate": {
        "type": "flt", "ver": "0", "data": "5.0"
      }
    }
  }
}