{
  "config": {
    "hw_platform": [ "MTP", "Dragon", "Surf", "HDK", "IDP", "QRD", "IOT"],
    "soc_id": ["291", "246", "305", "321", "336", "339", "340", "341", "355", "356", "360", "361", "365", "366", "393", "394", "400", "407", "417",
    "440", "415", "439", "444", "445", "420", "424", "443", "434", "435", "459", "441", "471", "456", "454","450", "476", "467", "468", "469", "470", "473", "474", "501", "502", "475", "497", "498", "515", "507", "518"]
  },
  "sns_tilt": {
    "owner": "sns_tilt",
    "sample_rate": {"ver": "0","type": "flt","data": "10.0"
    },
    "angle_threshold": {"ver": "0","type": "flt","data": "0.61086524"
    },
    "init_accel_window_time": {"ver": "0","type": "flt", "data": "1.0"
    },
    "accel_window_time": {"ver": "0","type": "flt", "data": "2.0"
    }
  }
}