{
  "config": {
    "hw_platform": [ "MTP", "Dragon", "Surf","QRD","HDK"
    ],
    "soc_id": ["300", "301"]
  },
  "sns_heart_rate": {
    "owner": "sns_heart_rate",
    "sample_rate_ppg":{"ver": "0","type": "flt",
       "data": "20.0"
    },
    "sample_rate_accel":{"ver": "0","type": "flt",
       "data": "20.0"
    },
    "update_flterval_in_fft_samples":{"ver": "0","type": "int",
       "data": "20.0"
    },
    "min_fft_fltervals_for_first_one_shot_update":{"ver": "0","type": "int",
       "data": "7"
    },
    "min_fft_fltervals_for_first_continuous_update":{"ver": "0","type": "int",
       "data": "7"
    },
    "max_bpm_age_for_warm_start":{"ver": "0","type": "int",
       "data": "3276800"
    },
    "max_alpha":{"ver": "0","type": "flt",
       "data": "1.0"
    },
    "min_alpha":{"ver": "0","type": "flt",
       "data": "0.01"
    },
    "min_o_h":{"ver": "0","type": "flt",
       "data": "0.5"
    },
    "max_o_h":{"ver": "0","type": "flt",
       "data": "0.9"
    },
    "max_del_b":{"ver": "0","type": "flt",
       "data": "10.0"
    },
    "acc_peak_distance":{"ver": "0","type": "int",
       "data": "1"
    },
    "ppg_peak_distance":{"ver": "0","type": "int",
       "data": "2"
    },
    "num_ppg_peaks":{"ver": "0","type": "int",
       "data": "6"
    },
    "num_acc_peaks":{"ver": "0","type": "int",
       "data": "6"
    },
    "peak_width_ppg":{"ver": "0","type": "int",
       "data": "2"
    },
    "peak_thresh_ppg":{"ver": "0","type": "flt",
       "data": "0.1"
    },
    "peak_thresh_acc":{"ver": "0","type": "flt",
       "data": "0.1"
    },
    "max_ind_diff":{"ver": "0","type": "int",
       "data": "10"
    },
    "max_acc_thr":{"ver": "0","type": "flt",
       "data": "80"
    },
    "harm_acc_thr":{"ver": "0","type": "flt",
       "data": "0.6"
    },
    "oneshot_max_acc_thr":{"ver": "0","type": "flt",
       "data": "10.0"
    },
    "oneshot_harm_acc_thr":{"ver": "0","type": "flt",
       "data": "0.4"
    },
    "continuous_max_acc_thr":{"ver": "0","type": "flt",
       "data": "80.0"
    },
    "continuous_harm_acc_thr":{"ver": "0","type": "flt",
       "data": "0.6"
    },
    "globalminhr":{"ver": "0","type": "flt",
       "data": "40.0"
    },
    "globalmaxhr":{"ver": "0","type": "flt",
       "data": "250.0"
    },
    "num_samples_to_skip_after_reset":{"ver": "0","type": "int",
       "data": "40"
    },
    "noaccel_thresh":{"ver": "0","type": "flt",
       "data": "80000.0"
    },
    "max_blanked_ppg_segments":{"ver": "0","type": "int",
       "data": "51"
    },
    "min_bad_spread_ratio_for_ppg_blanking":{"ver": "0","type": "flt",
       "data": "2.3"
    },
    "max_blanked_accel_segments":{"ver": "0","type": "int",
       "data": "0"
    },
    "min_bad_spread_ratio_for_accel_blanking":{"ver": "0","type": "flt",
       "data": "2.3"
    },
    "accuracy_decay_alpha":{"ver": "0","type": "flt",
       "data": "0.98"
    },
    "android_accuracy_low_thresh":{"ver": "0","type": "flt",
       "data": "0.3"
    },
    "android_accuracy_high_thresh":{"ver": "0","type": "flt",
       "data": "0.7"
    },
    "android_accuracy_medium_thresh":{"ver": "0","type": "flt",
       "data": "0.45"
    },
    "do_minppg":{"ver": "0","type": "int",
       "data": "1"
    },
    "do_mingoodppgtrack":{"ver": "0","type": "int",
       "data": "0"
    },
    "do_width_harm":{"ver": "0","type": "int",
       "data": "1"
    },
    "do_stride_is_hr_processing":{"ver": "0","type": "int",
       "data": "0"
    },
    "alpha_lowpass":{"ver": "0","type": "flt",
       "data": "0.27"
    }
  }
}