{
  "config": {
    "hw_platform": [ "MTP", "Dragon", "Surf", "HDK", "IDP", "QRD", "IOT"],
    "soc_id": ["291", "246", "305", "321", "336", "341", "355", "360", "365", "366", "393", "394", "400", "407", "417", "440", "444", "445", "420", "424", "443",
    "434", "435", "459", "441", "471", "454","450", "476", "467", "468", "469", "470", "473", "474", "475", "497", "498", "515", "507", "518"]
  },
  "sns_tilt": {
    "owner": "sns_tilt",
    "enabled": {"ver": "0","type": "int", "data": "1"
    }
  }
}