{
  "config": {
    "hw_platform": [ "MTP", "Dragon", "Surf", "QRD", "HDK", "IDP", "IOT"],
    "soc_id": ["291", "246", "305", "321", "336", "339", "341", "355", "356", "360", "361", "365", "366", "393", "394", "400", "407", "417",
    "440", "415", "439", "444", "445", "420", "424", "443", "434", "435", "459", "441", "471", "456", "454", "450", "476", "467", "468", "469", "470", "473", "474", "501", "502", "475", "497", "498", "515", "507", "518"]
  },
  "sns_distance_bound_speed_for_motion_states": {
    "owner": "sns_distance_bound",
    "unknown":    {"ver": "0","type": "flt","data": "0.0"
    },
    "stationary": {"ver": "0","type": "flt","data": "0.0"
    },
    "move":       {"ver": "0","type": "flt","data": "1.0"
    },
    "fiddle":     {"ver": "0","type": "flt","data": "0.0"
    },
    "pedestrian": {"ver": "0","type": "flt","data": "1.0"
    },
    "vehicle":    {"ver": "0","type": "flt","data": "16.67"
    },
    "walk":       {"ver": "0","type": "flt","data": "1.1"
    },
    "run":        {"ver": "0","type": "flt","data": "2.5"
    },
    "bike":       {"ver": "0","type": "flt","data": "5.55"
    }
  }
}