{
  "config": {
    "hw_platform": ["MTP", "Surf", "RCM", "QRD"],
    "soc_id": ["356"]
  },
  "ccd_walk": {
    "owner": "sns_ccd",
    "xct":  { "ver": "0","type": "int",
              "data": "0xA" },
    "mls":  { "ver": "0","type": "int",
              "data": "0x2" },
    "mps":  { "ver": "0","type": "int",
              "data": "0x4" },
    "hmps": { "ver": "0","type": "int",
              "data": "0x2" },
    "hwln1": { "ver": "0","type": "int",
              "data": "0xA" },
    "mwln3": { "ver": "0","type": "int",
              "data": "0xA" },
    "hpe0": { "ver": "0","type": "int",
              "data": "0x1" },
    "lcb0": { "ver": "0","type": "int",
              "data": "0xE832" },
    "lcb1": { "ver": "0","type": "int",
              "data": "0x3F8" },
    "lcb2": { "ver": "0","type": "int",
              "data": "0x8E1" },
    "lcb3": { "ver": "0","type": "int",
              "data": "0x37B" },
    "lcb4": { "ver": "0","type": "int",
              "data": "0x1E6" },
    "lcb5": { "ver": "0","type": "int",
              "data": "0x2ADF" },
    "lcb6": { "ver": "0","type": "int",
              "data": "0xF9A" },
    "ltt": { "ver": "0","type": "int",
              "data": "0xFCFC" }
  }
}