{
  "config": {
    "hw_platform": ["MTP", "Dragon", "Surf", "QRD", "HDK", "IDP", "IOT"],
    "soc_id": ["291", "246", "305", "321", "336", "339", "341", "355", "356", "360", "361", "365", "366", "393", "394", "400", "407", "417",
    "440", "415", "439", "444", "445", "420", "424", "443", "434", "435", "459", "441", "471", "456", "454","450", "476", "467", "468", "469", "470", "473", "474", "501", "502", "475", "497", "498", "515", "507", "518"]
  },
  "sns_pedometer": {
    "owner": "sns_pedometer",
    "param8": {
      "ver": "0", "type": "flt", "data": "3.0"
    },
    "param7": {
      "ver": "0", "type": "flt", "data": "0.5"
    },
    "param6": {
      "ver": "0", "type": "flt", "data": "4.0"
    },
    "param5": {
      "ver": "0", "type": "flt", "data": "0.2"
    },
    "param4": {
      "ver": "0", "type": "flt", "data": "0.02"
    },
    "param3": {
      "ver": "0", "type": "flt", "data": "0.1"
    },
    "param2": {
      "ver": "0", "type": "flt", "data": "0.5"
    },
    "param1": {
      "ver": "0", "type": "flt", "data": "0.0"
    }
  }
}