{
  "config":{
    "hw_platform": ["MTP", "Dragon", "Surf", "QRD", "HDK", "IDP", "IOT"],
    "soc_id": ["291", "246", "305", "321", "336", "339", "341", "355", "356", "360", "361", "365", "366", "393", "394", "400", "407", "417",
    "440", "415", "439", "444", "445", "420", "424", "443", "434", "435", "459", "441", "471", "456", "454", "450", "476", "467", "468", "469", "470", "473", "474", "501", "502", "475", "497", "498", "515", "507", "518"]
  },
  "sns_facing": {
    "owner": "sns_facing",
    "angle_threshold": { "type": "flt", "ver": "0",
      "data": "0.3491"
    },
    "report_neutral": { "type": "int", "ver": "0",
      "data": "1"
    },
    "sample_rate": { "type": "flt", "ver": "0",
      "data": "30.0"
    },
    "min_sample_rate": { "type": "flt", "ver": "0",
      "data": "30.0"
    },
   "max_sample_rate": { "type": "flt", "ver": "0",
     "data": "100.0"
   }
  }
}