{
  "config": {
    "hw_platform": ["MTP", "Surf", "RCM", "QRD", "HDK"],
    "soc_id": ["415", "439", "456", "501", "502"]
  },
  "ccd_walk": {
    "owner": "sns_ccd",
    "xct":  { "ver": "0","type": "int",
              "data": "0xA" },
    "mls":  { "ver": "0","type": "int",
              "data": "0x6" },
    "mps":  { "ver": "0","type": "int",
              "data": "0x4" },
    "hmps": { "ver": "0","type": "int",
              "data": "0x4" },
    "hwln1": { "ver": "0","type": "int",
              "data": "0xA" },
    "mwln3": { "ver": "0","type": "int",
              "data": "0xA" },
    "hpe0": { "ver": "0","type": "int",
              "data": "0x1" },
    "lcb0": { "ver": "0","type": "int",
              "data": "0xD17E" },
    "lcb1": { "ver": "0","type": "int",
              "data": "0x0889" },
    "lcb2": { "ver": "0","type": "int",
              "data": "0x16C7" },
    "lcb3": { "ver": "0","type": "int",
              "data": "0x0106" },
    "lcb4": { "ver": "0","type": "int",
              "data": "0x0324" },
    "lcb5": { "ver": "0","type": "int",
              "data": "0x3850" },
    "lcb6": { "ver": "0","type": "int",
              "data": "0xfffede4b" },
    "ltt": { "ver": "0","type": "int",
              "data": "0xFC9C" }
  }
}