{
  "config": {
    "hw_platform": [ "MTP", "Dragon", "Surf", "QRD", "HDK", "IDP", "IOT"],
    "soc_id": ["291", "246", "305", "321", "336", "347", "341", "355", "360", "365", "366", "393", "394", "400", "407", "417", "440",
    "416", "437", "444", "445", "420", "424", "443", "434", "435", "459", "441", "471", "454", "450", "476", "467", "468", "469", "470", "473", "474", "475", "497", "498", "515", "507", "518"]
  },
  "sns_amd": {
    "owner": "sns_amd",
    "enabled": {"ver": "0","type": "int", "data": "1"
    }
  }
}