{
  "config": {
    "hw_platform": [
      "MTP", "Dragon", "Surf", "QRD" ],
    "soc_id": ["300", "301"]
  },
  "sns_wrist_pedo": {
    "owner": "sns_wrist_pedo",
   "default_disable": {
      "ver": "0", "type": "int", "data": "0"
    },
    "sample_rate": {
      "ver": "0", "type": "flt", "data": "20.0"
    },
    "step_count_threshold": {
      "ver": "0", "type": "int", "data": "0"
    },
    "step_threshold": {
      "ver": "0", "type": "flt", "data": "10.1"
    },
    "swing_threshold": {
      "ver": "0", "type": "flt", "data": "10.5"
    },
    "step_prob_threshold": {
      "ver": "0", "type": "flt", "data": "0.49"
    }
  }
}