<?xml version="1.0" encoding="utf-8"?>

<!-- Morpho Lowlight Parameters Configuration -->
<!-- Copyright(c) 2020 Morpho China,Inc.  -->

<lowlight>
	<version type="string" length="1">v1.0.0_20210426</version>
	<camera_id type="int" length="1">1</camera_id>
    <params>
			<iso value="100">
				<y_nr_level       type="float"  rang="[0.0,100.0]" default="10.0"  length="1">0.01</y_nr_level>
				<c_nr_level       type="float"  rang="[0.0,10.0]"  default="1.0"   length="1">0.01</c_nr_level>
				<c_nr_times       type="int"    rang="[1,6]"       default="1"     length="1">1</c_nr_times>
				<block_cnr        type="int"    rang="[1,6]"       default="1"     length="1">1</block_cnr>
				<mfnr_obc         type="double" rang="[0.0,10.0]"  default="1.2"   length="1">3</mfnr_obc>
				<obc_4face        type="double" rang="[0.0,10.0]"  default="2.2"   length="1">2.2</obc_4face>
				<gain             type="double" rang="[0.0,10.0]"  default="1.0"   length="1">1</gain>
				<gamma            type="double" rang="[0.0,10.0]"  default="1.0"   length="1">1</gamma>
				<contrast         type="int"    rang="[0, 1023]"   default="0"     length="1">0</contrast>
				<saturation       type="int"    rang="[0, 4095]"   default="1024"  length="1">1024</saturation>
				<sharpness        type="int"    rang="[0, 4095]"   default="900"   length="1">0</sharpness>
				<sharpness_thres  type="double" rang="[0.0,1.0]"   default="0.85"  length="1">0.85</sharpness_thres>
				<auto_sorting     type="int"    rang="[0, 1]"      default="1"     length="1">1</auto_sorting>
			</iso>
			<iso value="200">
				<y_nr_level       type="float"  rang="[0.0,100.0]" default="10.0"  length="1">0.01</y_nr_level>
				<c_nr_level       type="float"  rang="[0.0,10.0]"  default="1.0"   length="1">0.01</c_nr_level>
				<c_nr_times       type="int"    rang="[1,6]"       default="1"     length="1">1</c_nr_times>
				<block_cnr        type="int"    rang="[1,6]"       default="1"     length="1">1</block_cnr>
				<mfnr_obc         type="double" rang="[0.0,10.0]"  default="1.2"   length="1">2</mfnr_obc>
				<obc_4face        type="double" rang="[0.0,10.0]"  default="2.2"   length="1">2.2</obc_4face>
				<gain             type="double" rang="[0.0,10.0]"  default="1.0"   length="1">1</gain>
				<gamma            type="double" rang="[0.0,10.0]"  default="1.0"   length="1">1</gamma>
				<contrast         type="int"    rang="[0, 1023]"   default="0"     length="1">0</contrast>
				<saturation       type="int"    rang="[0, 4095]"   default="1024"  length="1">1024</saturation>
				<sharpness        type="int"    rang="[0, 4095]"   default="900"   length="1">0</sharpness>
				<sharpness_thres  type="double" rang="[0.0,1.0]"   default="0.85"  length="1">0.85</sharpness_thres>
				<auto_sorting     type="int"    rang="[0, 1]"      default="1"     length="1">1</auto_sorting>
			</iso>
		
			<iso value="300">
				<y_nr_level       type="float"  rang="[0.0,100.0]" default="10.0"  length="1">0.01</y_nr_level>
				<c_nr_level       type="float"  rang="[0.0,10.0]"  default="1.0"   length="1">0.1</c_nr_level>
				<c_nr_times       type="int"    rang="[1,6]"       default="1"     length="1">1</c_nr_times>
				<block_cnr        type="int"    rang="[1,6]"       default="1"     length="1">1</block_cnr>
				<mfnr_obc         type="double" rang="[0.0,10.0]"  default="1.2"   length="1">1.8</mfnr_obc>
				<obc_4face        type="double" rang="[0.0,10.0]"  default="2.2"   length="1">2.2</obc_4face>
				<gain             type="double" rang="[0.0,10.0]"  default="1.0"   length="1">1</gain>
				<gamma            type="double" rang="[0.0,10.0]"  default="1.0"   length="1">1</gamma>
				<contrast         type="int"    rang="[0, 1023]"   default="0"     length="1">0</contrast>
				<saturation       type="int"    rang="[0, 4095]"   default="1024"  length="1">1024</saturation>
				<sharpness        type="int"    rang="[0, 4095]"   default="900"   length="1">0</sharpness>
				<sharpness_thres  type="double" rang="[0.0,1.0]"   default="0.85"  length="1">0.85</sharpness_thres>
				<auto_sorting     type="int"    rang="[0, 1]"      default="1"     length="1">1</auto_sorting>
			</iso>
			<iso value="400">
				<y_nr_level       type="float"  rang="[0.0,100.0]" default="10.0"  length="1">0.05</y_nr_level>
				<c_nr_level       type="float"  rang="[0.0,10.0]"  default="1.0"   length="1">0.5</c_nr_level>
				<c_nr_times       type="int"    rang="[1,6]"       default="1"     length="1">1</c_nr_times>
				<block_cnr        type="int"    rang="[1,6]"       default="1"     length="1">1</block_cnr>
				<mfnr_obc         type="double" rang="[0.0,10.0]"  default="1.2"   length="1">1.5</mfnr_obc>
				<obc_4face        type="double" rang="[0.0,10.0]"  default="2.2"   length="1">2.2</obc_4face>
				<gain             type="double" rang="[0.0,10.0]"  default="1.0"   length="1">1</gain>
				<gamma            type="double" rang="[0.0,10.0]"  default="1.0"   length="1">1</gamma>
				<contrast         type="int"    rang="[0, 1023]"   default="0"     length="1">100</contrast>
				<saturation       type="int"    rang="[0, 4095]"   default="1024"  length="1">1024</saturation>
				<sharpness        type="int"    rang="[0, 4095]"   default="900"   length="1">0</sharpness>
				<sharpness_thres  type="double" rang="[0.0,1.0]"   default="0.85"  length="1">0.85</sharpness_thres>
				<auto_sorting     type="int"    rang="[0, 1]"      default="1"     length="1">1</auto_sorting>
			</iso>
			<iso value="600">
				<y_nr_level       type="float"  rang="[0.0,100.0]" default="10.0"  length="1">0.07</y_nr_level>
				<c_nr_level       type="float"  rang="[0.0,10.0]"  default="1.0"   length="1">0.5</c_nr_level>
				<c_nr_times       type="int"    rang="[1,6]"       default="1"     length="1">1</c_nr_times>
				<block_cnr        type="int"    rang="[1,6]"       default="1"     length="1">1</block_cnr>
				<mfnr_obc         type="double" rang="[0.0,10.0]"  default="1.2"   length="1">1.0</mfnr_obc>
				<obc_4face        type="double" rang="[0.0,10.0]"  default="2.2"   length="1">2.2</obc_4face>
				<gain             type="double" rang="[0.0,10.0]"  default="1.0"   length="1">1</gain>
				<gamma            type="double" rang="[0.0,10.0]"  default="1.0"   length="1">1</gamma>
				<contrast         type="int"    rang="[0, 1023]"   default="0"     length="1">100</contrast>
				<saturation       type="int"    rang="[0, 4095]"   default="1024"  length="1">1024</saturation>
				<sharpness        type="int"    rang="[0, 4095]"   default="900"   length="1">0</sharpness>
				<sharpness_thres  type="double" rang="[0.0,1.0]"   default="0.85"  length="1">0.85</sharpness_thres>
				<auto_sorting     type="int"    rang="[0, 1]"      default="1"     length="1">1</auto_sorting>
			</iso>
			<iso value="800">
				<y_nr_level       type="float"  rang="[0.0,100.0]" default="10.0"  length="1">0.09</y_nr_level>
				<c_nr_level       type="float"  rang="[0.0,10.0]"  default="1.0"   length="1">0.5</c_nr_level>
				<c_nr_times       type="int"    rang="[1,6]"       default="1"     length="1">1</c_nr_times>
				<block_cnr        type="int"    rang="[1,6]"       default="1"     length="1">1</block_cnr>
				<mfnr_obc         type="double" rang="[0.0,10.0]"  default="1.2"   length="1">1.0</mfnr_obc>
				<obc_4face        type="double" rang="[0.0,10.0]"  default="2.2"   length="1">2.2</obc_4face>
				<gain             type="double" rang="[0.0,10.0]"  default="1.0"   length="1">1</gain>
				<gamma            type="double" rang="[0.0,10.0]"  default="1.0"   length="1">1</gamma>
				<contrast         type="int"    rang="[0, 1023]"   default="0"     length="1">100</contrast>
				<saturation       type="int"    rang="[0, 4095]"   default="1024"  length="1">1024</saturation>
				<sharpness        type="int"    rang="[0, 4095]"   default="900"   length="1">0</sharpness>
				<sharpness_thres  type="double" rang="[0.0,1.0]"   default="0.85"  length="1">0.85</sharpness_thres>
				<auto_sorting     type="int"    rang="[0, 1]"      default="1"     length="1">1</auto_sorting>
			</iso>
			<iso value="1200">
				<y_nr_level       type="float"  rang="[0.0,100.0]" default="10.0"  length="1">0.1</y_nr_level>
				<c_nr_level       type="float"  rang="[0.0,10.0]"  default="1.0"   length="1">0.5</c_nr_level>
				<c_nr_times       type="int"    rang="[1,6]"       default="1"     length="1">1</c_nr_times>
				<block_cnr        type="int"    rang="[1,6]"       default="1"     length="1">1</block_cnr>
				<mfnr_obc         type="double" rang="[0.0,10.0]"  default="1.2"   length="1">1.0</mfnr_obc>
				<obc_4face        type="double" rang="[0.0,10.0]"  default="2.2"   length="1">2.2</obc_4face>
				<gain             type="double" rang="[0.0,10.0]"  default="1.0"   length="1">1</gain>
				<gamma            type="double" rang="[0.0,10.0]"  default="1.0"   length="1">1</gamma>
				<contrast         type="int"    rang="[0, 1023]"   default="0"     length="1">100</contrast>
				<saturation       type="int"    rang="[0, 4095]"   default="1024"  length="1">1024</saturation>
				<sharpness        type="int"    rang="[0, 4095]"   default="900"   length="1">100</sharpness>
				<sharpness_thres  type="double" rang="[0.0,1.0]"   default="0.85"  length="1">0.85</sharpness_thres>
				<auto_sorting     type="int"    rang="[0, 1]"      default="1"     length="1">1</auto_sorting>
			</iso>
			<iso value="1500">
				<y_nr_level       type="float"  rang="[0.0,100.0]" default="10.0"  length="1">0.1</y_nr_level>
				<c_nr_level       type="float"  rang="[0.0,10.0]"  default="1.0"   length="1">0.5</c_nr_level>
				<c_nr_times       type="int"    rang="[1,6]"       default="1"     length="1">1</c_nr_times>
				<block_cnr        type="int"    rang="[1,6]"       default="1"     length="1">1</block_cnr>
				<mfnr_obc         type="double" rang="[0.0,10.0]"  default="1.2"   length="1">0.8</mfnr_obc>
				<obc_4face        type="double" rang="[0.0,10.0]"  default="2.2"   length="1">2.2</obc_4face>
				<gain             type="double" rang="[0.0,10.0]"  default="1.0"   length="1">1</gain>
				<gamma            type="double" rang="[0.0,10.0]"  default="1.0"   length="1">1</gamma>
				<contrast         type="int"    rang="[0, 1023]"   default="0"     length="1">100</contrast>
				<saturation       type="int"    rang="[0, 4095]"   default="1024"  length="1">1024</saturation>
				<sharpness        type="int"    rang="[0, 4095]"   default="900"   length="1">100</sharpness>
				<sharpness_thres  type="double" rang="[0.0,1.0]"   default="0.85"  length="1">0.85</sharpness_thres>
				<auto_sorting     type="int"    rang="[0, 1]"      default="1"     length="1">1</auto_sorting>
			</iso>
			<iso value="2300">
				<y_nr_level       type="float"  rang="[0.0,100.0]" default="10.0"  length="1">0.11</y_nr_level>
				<c_nr_level       type="float"  rang="[0.0,10.0]"  default="1.0"   length="1">0.8</c_nr_level>
				<c_nr_times       type="int"    rang="[1,6]"       default="1"     length="1">1</c_nr_times>
				<block_cnr        type="int"    rang="[1,6]"       default="1"     length="1">1</block_cnr>
				<mfnr_obc         type="double" rang="[0.0,10.0]"  default="1.2"   length="1">0.5</mfnr_obc>
				<obc_4face        type="double" rang="[0.0,10.0]"  default="2.2"   length="1">2.2</obc_4face>
				<gain             type="double" rang="[0.0,10.0]"  default="1.0"   length="1">1</gain>
				<gamma            type="double" rang="[0.0,10.0]"  default="1.0"   length="1">1</gamma>
				<contrast         type="int"    rang="[0, 1023]"   default="0"     length="1">100</contrast>
				<saturation       type="int"    rang="[0, 4095]"   default="1024"  length="1">1024</saturation>
				<sharpness        type="int"    rang="[0, 4095]"   default="900"   length="1">100</sharpness>
				<sharpness_thres  type="double" rang="[0.0,1.0]"   default="0.85"  length="1">0.85</sharpness_thres>
				<auto_sorting     type="int"    rang="[0, 1]"      default="1"     length="1">1</auto_sorting>
			</iso>
			<iso value="3200">
				<y_nr_level       type="float"  rang="[0.0,100.0]" default="10.0"  length="1">0.5</y_nr_level>
				<c_nr_level       type="float"  rang="[0.0,10.0]"  default="1.0"   length="1">1</c_nr_level>
				<c_nr_times       type="int"    rang="[1,6]"       default="1"     length="1">1</c_nr_times>
				<block_cnr        type="int"    rang="[1,6]"       default="1"     length="1">1</block_cnr>
				<mfnr_obc         type="double" rang="[0.0,10.0]"  default="1.2"   length="1">0.5</mfnr_obc>
				<obc_4face        type="double" rang="[0.0,10.0]"  default="2.2"   length="1">2.2</obc_4face>
				<gain             type="double" rang="[0.0,10.0]"  default="1.0"   length="1">1</gain>
				<gamma            type="double" rang="[0.0,10.0]"  default="1.0"   length="1">1</gamma>
				<contrast         type="int"    rang="[0, 1023]"   default="0"     length="1">100</contrast>
				<saturation       type="int"    rang="[0, 4095]"   default="1024"  length="1">1024</saturation>
				<sharpness        type="int"    rang="[0, 4095]"   default="900"   length="1">100</sharpness>
				<sharpness_thres  type="double" rang="[0.0,1.0]"   default="0.85"  length="1">0.85</sharpness_thres>
				<auto_sorting     type="int"    rang="[0, 1]"      default="1"     length="1">1</auto_sorting>
			</iso>
			<iso value="4500">
				<y_nr_level       type="float"  rang="[0.0,100.0]" default="10.0"  length="1">1</y_nr_level>
				<c_nr_level       type="float"  rang="[0.0,10.0]"  default="1.0"   length="1">1</c_nr_level>
				<c_nr_times       type="int"    rang="[1,6]"       default="1"     length="1">1</c_nr_times>
				<block_cnr        type="int"    rang="[1,6]"       default="1"     length="1">1</block_cnr>
				<mfnr_obc         type="double" rang="[0.0,10.0]"  default="1.2"   length="1">0.5</mfnr_obc>
				<obc_4face        type="double" rang="[0.0,10.0]"  default="2.2"   length="1">2.2</obc_4face>
				<gain             type="double" rang="[0.0,10.0]"  default="1.0"   length="1">1</gain>
				<gamma            type="double" rang="[0.0,10.0]"  default="1.0"   length="1">1</gamma>
				<contrast         type="int"    rang="[0, 1023]"   default="0"     length="1">100</contrast>
				<saturation       type="int"    rang="[0, 4095]"   default="1024"  length="1">1024</saturation>
				<sharpness        type="int"    rang="[0, 4095]"   default="900"   length="1">100</sharpness>
				<sharpness_thres  type="double" rang="[0.0,1.0]"   default="0.85"  length="1">0.85</sharpness_thres>
				<auto_sorting     type="int"    rang="[0, 1]"      default="1"     length="1">1</auto_sorting>
			</iso>
			<iso value="6400">
				<y_nr_level       type="float"  rang="[0.0,100.0]" default="10.0"  length="1">1.5</y_nr_level>
				<c_nr_level       type="float"  rang="[0.0,10.0]"  default="1.0"   length="1">2</c_nr_level>
				<c_nr_times       type="int"    rang="[1,6]"       default="1"     length="1">1</c_nr_times>
				<block_cnr        type="int"    rang="[1,6]"       default="1"     length="1">1</block_cnr>
				<mfnr_obc         type="double" rang="[0.0,10.0]"  default="1.2"   length="1">0.3</mfnr_obc>
				<obc_4face        type="double" rang="[0.0,10.0]"  default="2.2"   length="1">2.2</obc_4face>
				<gain             type="double" rang="[0.0,10.0]"  default="1.0"   length="1">1</gain>
				<gamma            type="double" rang="[0.0,10.0]"  default="1.0"   length="1">1</gamma>
				<contrast         type="int"    rang="[0, 1023]"   default="0"     length="1">100</contrast>
				<saturation       type="int"    rang="[0, 4095]"   default="1024"  length="1">1024</saturation>
				<sharpness        type="int"    rang="[0, 4095]"   default="900"   length="1">100</sharpness>
				<sharpness_thres  type="double" rang="[0.0,1.0]"   default="0.85"  length="1">0.85</sharpness_thres>
				<auto_sorting     type="int"    rang="[0, 1]"      default="1"     length="1">1</auto_sorting>
			</iso>
			<iso value="9600">
				<y_nr_level       type="float"  rang="[0.0,100.0]" default="10.0"  length="1">3</y_nr_level>
				<c_nr_level       type="float"  rang="[0.0,10.0]"  default="1.0"   length="1">3</c_nr_level>
				<c_nr_times       type="int"    rang="[1,6]"       default="1"     length="1">2</c_nr_times>
				<block_cnr        type="int"    rang="[1,6]"       default="1"     length="1">2</block_cnr>
				<mfnr_obc         type="double" rang="[0.0,10.0]"  default="1.2"   length="1">0.1</mfnr_obc>
				<obc_4face        type="double" rang="[0.0,10.0]"  default="2.2"   length="1">2.2</obc_4face>
				<gain             type="double" rang="[0.0,10.0]"  default="1.0"   length="1">1</gain>
				<gamma            type="double" rang="[0.0,10.0]"  default="1.0"   length="1">1</gamma>
				<contrast         type="int"    rang="[0, 1023]"   default="0"     length="1">100</contrast>
				<saturation       type="int"    rang="[0, 4095]"   default="1024"  length="1">1024</saturation>
				<sharpness        type="int"    rang="[0, 4095]"   default="900"   length="1">0</sharpness>
				<sharpness_thres  type="double" rang="[0.0,1.0]"   default="0.85"  length="1">0.85</sharpness_thres>
				<auto_sorting     type="int"    rang="[0, 1]"      default="1"     length="1">1</auto_sorting>
			</iso>
			<iso value="12800">
                <y_nr_level       type="float"  rang="[0.0,100.0]" default="10.0"  length="1">7.95</y_nr_level>
                <c_nr_level       type="float"  rang="[0.0,10.0]"  default="1.0"   length="1">2</c_nr_level>
                <c_nr_times       type="int"    rang="[1,6]"       default="1"     length="1">2</c_nr_times>
                <block_cnr        type="int"    rang="[1,6]"       default="1"     length="1">2</block_cnr>
                <mfnr_obc         type="double" rang="[0.0,10.0]"  default="1.2"   length="1">1.2</mfnr_obc>
                <obc_4face        type="double" rang="[0.0,10.0]"  default="2.2"   length="1">2.2</obc_4face>
                <gain             type="double" rang="[0.0,10.0]"  default="1.0"   length="1">1</gain>
                <gamma            type="double" rang="[0.0,10.0]"  default="1.0"   length="1">1</gamma>
                <contrast         type="int"    rang="[0, 1023]"   default="0"     length="1">1</contrast>
                <saturation       type="int"    rang="[0, 4095]"   default="1024"  length="1">1024</saturation>
                <sharpness        type="int"    rang="[0, 4095]"   default="900"   length="1">100</sharpness>
                <sharpness_thres  type="double" rang="[0.0,1.0]"   default="0.85"  length="1">0.85</sharpness_thres>
                <auto_sorting     type="int"    rang="[0, 1]"      default="1"     length="1">1</auto_sorting>
            </iso>
			<iso value="18000">
				<y_nr_level       type="float"  rang="[0.0,100.0]" default="10.0"  length="1">11.95</y_nr_level>
                <c_nr_level       type="float"  rang="[0.0,10.0]"  default="1.0"   length="1">5</c_nr_level>
                <c_nr_times       type="int"    rang="[1,6]"       default="1"     length="1">5</c_nr_times>
                <block_cnr        type="int"    rang="[1,6]"       default="1"     length="1">5</block_cnr>
                <mfnr_obc         type="double" rang="[0.0,10.0]"  default="1.2"   length="1">1.2</mfnr_obc>
                <obc_4face        type="double" rang="[0.0,10.0]"  default="2.2"   length="1">2.2</obc_4face>
                <gain             type="double" rang="[0.0,10.0]"  default="1.0"   length="1">1</gain>
                <gamma            type="double" rang="[0.0,10.0]"  default="1.0"   length="1">1</gamma>
                <contrast         type="int"    rang="[0, 1023]"   default="0"     length="1">1</contrast>
                <saturation       type="int"    rang="[0, 4095]"   default="1024"  length="1">1024</saturation>
                <sharpness        type="int"    rang="[0, 4095]"   default="900"   length="1">100</sharpness>
                <sharpness_thres  type="double" rang="[0.0,1.0]"   default="0.85"  length="1">0.85</sharpness_thres>
                <auto_sorting     type="int"    rang="[0, 1]"      default="1"     length="1">1</auto_sorting>
            </iso>
			<iso value="26000">
				<y_nr_level       type="float"  rang="[0.0,100.0]" default="10.0"  length="1">20</y_nr_level>
                <c_nr_level       type="float"  rang="[0.0,10.0]"  default="1.0"   length="1">10</c_nr_level>
                <c_nr_times       type="int"    rang="[1,6]"       default="1"     length="1">6</c_nr_times>
                <block_cnr        type="int"    rang="[1,6]"       default="1"     length="1">6</block_cnr>
                <mfnr_obc         type="double" rang="[0.0,10.0]"  default="1.2"   length="1">1.2</mfnr_obc>
                <obc_4face        type="double" rang="[0.0,10.0]"  default="2.2"   length="1">2.2</obc_4face>
                <gain             type="double" rang="[0.0,10.0]"  default="1.0"   length="1">1</gain>
                <gamma            type="double" rang="[0.0,10.0]"  default="1.0"   length="1">1</gamma>
                <contrast         type="int"    rang="[0, 1023]"   default="0"     length="1">1</contrast>
                <saturation       type="int"    rang="[0, 4095]"   default="1024"  length="1">1024</saturation>
                <sharpness        type="int"    rang="[0, 4095]"   default="900"   length="1">0</sharpness>
                <sharpness_thres  type="double" rang="[0.0,1.0]"   default="0.85"  length="1">0.85</sharpness_thres>
                <auto_sorting     type="int"    rang="[0, 1]"      default="1"     length="1">1</auto_sorting>
            </iso>
    </params>
</lowlight>
