<!--
/******************************************************************************
  @file    AdaptLaunchFeature.xml
  @brief   Implementation of Android Framework Learning Module

  DESCRIPTION
      Each feature has an xml file to define the components

  ===========================================================================
  Copyright (c) 2019-2021 Qualcomm Technologies, Inc.
  All Rights Reserved.
  Confidential and Proprietary - Qualcomm Technologies, Inc.
  ===========================================================================
******************************************************************************/
-->
<!--
    Follows "Data goes into elements, metadata goes into attributes"
 -->
<Feature>
    <Name>AdaptLaunch</Name>
    <Libname>libadaptlaunch.so</Libname>
    <Configs>
        <Enable>1</Enable>
    </Configs>
    <Meters>
        <SamplesRequired>4</SamplesRequired>
        <Meter>
            <Name>VmRss</Name>
            <Triggers>
                <Trigger>
                    <Primary>true</Primary>
                    <AsyncId>VENDOR_HINT_FIRST_LAUNCH_BOOST</AsyncId>
                    <AsyncType>1</AsyncType>
                </Trigger>
                <Trigger>
                    <Primary>false</Primary>
                    <AsyncId>VENDOR_HINT_TAP_EVENT</AsyncId>
                </Trigger>
                <Trigger>
                    <Primary>true</Primary>
                    <AsyncId>VENDOR_HINT_APP_WORKLOAD_TYPE</AsyncId>
                </Trigger>
                <Trigger>
                    <Primary>true</Primary>
                    <AsyncId>VENDOR_HINT_ACTIVITY_START</AsyncId>
                </Trigger>
                <Trigger>
                    <Primary>true</Primary>
                    <AsyncId>VENDOR_HINT_ACTIVITY_RESUME</AsyncId>
                </Trigger>
                <Trigger>
                    <Primary>true</Primary>
                    <AsyncId>VENDOR_HINT_ACTIVITY_STOP</AsyncId>
                </Trigger>
                <Trigger>
                    <Primary>true</Primary>
                    <AsyncId>VENDOR_HINT_ACTIVITY_PAUSE</AsyncId>
                </Trigger>
            </Triggers>
            <Samples>160</Samples>
            <Fields>
                <Field>VmRss:</Field>
            </Fields>
        </Meter>
    </Meters>
    <SpuriousHintApps>
        <App>com.android.permissioncontroller</App>
    </SpuriousHintApps>
</Feature>
